Booking_ID,no_of_adults,no_of_children,no_of_weekend_nights,no_of_week_nights,type_of_meal_plan,room_type_reserved,lead_time,arrival_date,market_segment_type,avg_price_per_room,booking_status
INN00001,2,0,1,2,Meal Plan 1,Room_Type 1,224,"Friday, February 10, 2017",Offline,65,Not_Canceled
INN00002,2,0,2,3,Not Selected,Room_Type 1,5,"Monday, June 11, 2018",Online,106.68,Not_Canceled
INN00003,1,0,2,1,Meal Plan 1,Room_Type 1,1,"Wednesday, February 28, 2018",Online,60,Canceled
INN00004,2,0,0,2,Meal Plan 1,Room_Type 1,211,"Sunday, May 20, 2018",Online,100,Canceled
INN00005,2,0,1,1,Not Selected,Room_Type 1,48,"Sunday, November 4, 2018",Online,94.5,Canceled
INN00006,2,0,0,2,Meal Plan 2,Room_Type 1,346,"Thursday, September 13, 2018",Online,115,Canceled
INN00007,2,0,1,3,Meal Plan 1,Room_Type 1,34,"Sunday, October 15, 2017",Online,107.55,Not_Canceled
INN00008,2,0,1,3,Meal Plan 1,Room_Type 4,83,"Wednesday, December 26, 2018",Online,105.61,Not_Canceled
INN00009,3,0,0,4,Meal Plan 1,Room_Type 1,121,"Thursday, June 7, 2018",Offline,96.9,Not_Canceled
INN00010,2,0,0,5,Meal Plan 1,Room_Type 4,44,"Thursday, October 18, 2018",Online,133.44,Not_Canceled
INN00011,1,0,1,0,Not Selected,Room_Type 1,0,"Friday, November 9, 2018",Online,85.03,Not_Canceled
INN00012,1,0,2,1,Meal Plan 1,Room_Type 4,35,"Monday, April 30, 2018",Online,140.4,Not_Canceled
INN00013,2,0,2,1,Not Selected,Room_Type 1,30,"Monday, November 26, 2018",Online,88,Canceled
INN00014,1,0,2,0,Meal Plan 1,Room_Type 1,95,"Tuesday, November 20, 2018",Online,90,Canceled
INN00015,2,0,0,2,Meal Plan 1,Room_Type 1,47,"Friday, October 20, 2017",Online,94.5,Not_Canceled
INN00016,2,0,0,2,Meal Plan 2,Room_Type 1,256,"Friday, June 15, 2018",Online,115,Canceled
INN00017,1,0,1,0,Meal Plan 1,Room_Type 1,0,"Wednesday, May 10, 2017",Offline,96,Not_Canceled
INN00018,2,0,1,3,Not Selected,Room_Type 1,1,"Sunday, October 8, 2017",Online,96,Not_Canceled
INN00019,2,0,2,2,Meal Plan 1,Room_Type 1,99,"Monday, October 30, 2017",Online,65,Canceled
INN00020,2,0,1,0,Meal Plan 1,Room_Type 1,12,"Monday, April 10, 2017",Offline,72,Not_Canceled
INN00021,2,0,2,2,Meal Plan 1,Room_Type 1,99,"Monday, October 30, 2017",Online,65,Canceled
INN00022,1,0,0,1,Meal Plan 1,Room_Type 1,122,"Sunday, November 25, 2018",Corporate,67,Not_Canceled
INN00023,2,0,2,4,Meal Plan 1,Room_Type 1,2,"Tuesday, March 20, 2018",Offline,85,Not_Canceled
INN00024,2,0,0,3,Meal Plan 1,Room_Type 1,37,"Saturday, October 13, 2018",Offline,105,Not_Canceled
INN00025,2,0,2,1,Not Selected,Room_Type 1,130,"Tuesday, May 22, 2018",Online,94.5,Not_Canceled
INN00026,2,0,0,2,Meal Plan 1,Room_Type 1,99,"Saturday, April 28, 2018",Online,114.3,Not_Canceled
INN00027,2,0,1,1,Meal Plan 1,Room_Type 1,60,"Thursday, September 21, 2017",Offline,65,Not_Canceled
INN00028,1,0,0,2,Meal Plan 1,Room_Type 4,2,"Saturday, May 19, 2018",Aviation,110,Canceled
INN00029,1,0,1,2,Meal Plan 1,Room_Type 1,37,"Sunday, June 11, 2017",Online,37.33,Canceled
INN00030,2,0,0,2,Meal Plan 2,Room_Type 1,56,"Sunday, September 17, 2017",Offline,82,Not_Canceled
INN00031,2,0,1,1,Meal Plan 1,Room_Type 4,3,"Tuesday, September 19, 2017",Online,177.5,Not_Canceled
INN00032,2,0,2,2,Meal Plan 1,Room_Type 1,107,"Tuesday, November 13, 2018",Online,87.5,Not_Canceled
INN00033,0,2,0,3,Meal Plan 1,Room_Type 2,56,"Thursday, July 12, 2018",Online,82.44,Not_Canceled
INN00034,2,0,0,1,Not Selected,Room_Type 1,2,"Saturday, September 1, 2018",Online,69.5,Not_Canceled
INN00035,2,0,0,2,Meal Plan 1,Room_Type 1,72,"Tuesday, July 10, 2018",Offline,85.5,Not_Canceled
INN00036,2,0,0,1,Not Selected,Room_Type 1,23,"Friday, April 27, 2018",Online,115,Not_Canceled
INN00037,1,0,2,1,Meal Plan 1,Room_Type 1,34,"Tuesday, June 19, 2018",Online,81,Canceled
INN00038,2,0,0,1,Meal Plan 1,Room_Type 1,289,"Tuesday, October 17, 2017",Offline,67,Not_Canceled
INN00039,2,0,2,3,Not Selected,Room_Type 1,247,"Monday, November 19, 2018",Online,63.75,Canceled
INN00040,2,0,2,1,Meal Plan 1,Room_Type 4,186,"Monday, July 30, 2018",Online,121.8,Canceled
INN00041,2,0,0,4,Meal Plan 1,Room_Type 1,64,"Thursday, January 11, 2018",Online,93.6,Not_Canceled
INN00042,2,0,0,2,Meal Plan 1,Room_Type 1,35,"Thursday, June 21, 2018",Online,102,Not_Canceled
INN00043,3,0,2,1,Meal Plan 1,Room_Type 1,96,"Thursday, October 4, 2018",Online,121.8,Not_Canceled
INN00044,2,0,1,1,Not Selected,Room_Type 1,41,"Wednesday, June 27, 2018",Online,98.1,Canceled
INN00045,2,0,0,4,Meal Plan 1,Room_Type 4,55,"Saturday, November 18, 2017",Offline,60,Not_Canceled
INN00046,2,0,0,3,Meal Plan 1,Room_Type 1,146,"Friday, December 29, 2017",Offline,75,Not_Canceled
INN00047,1,0,0,2,Meal Plan 1,Room_Type 1,32,"Monday, November 20, 2017",Offline,73,Not_Canceled
INN00048,2,0,0,1,Meal Plan 2,Room_Type 1,55,"Monday, June 4, 2018",Offline,104,Not_Canceled
INN00049,2,0,0,4,Not Selected,Room_Type 1,57,"Thursday, January 11, 2018",Online,79.2,Not_Canceled
INN00050,1,0,1,3,Meal Plan 1,Room_Type 4,7,"Saturday, December 29, 2018",Online,125.8,Not_Canceled
INN00051,1,0,2,5,Not Selected,Room_Type 1,124,"Wednesday, May 30, 2018",Online,87.95,Not_Canceled
INN00052,2,0,2,2,Meal Plan 2,Room_Type 1,169,"Sunday, April 22, 2018",Online,106,Canceled
INN00053,1,0,1,2,Meal Plan 1,Room_Type 1,6,"Wednesday, May 16, 2018",Online,136.67,Not_Canceled
INN00054,2,0,0,4,Meal Plan 1,Room_Type 4,51,"Saturday, November 11, 2017",Offline,60,Not_Canceled
INN00055,2,0,1,0,Not Selected,Room_Type 1,13,"Wednesday, June 13, 2018",Online,89,Not_Canceled
INN00056,2,0,1,3,Meal Plan 1,Room_Type 1,100,"Saturday, May 19, 2018",Online,136,Not_Canceled
INN00057,2,0,0,1,Not Selected,Room_Type 1,139,"Saturday, July 28, 2018",Online,94.5,Not_Canceled
INN00058,2,0,1,2,Meal Plan 1,Room_Type 1,117,"Wednesday, December 26, 2018",Online,93.6,Not_Canceled
INN00059,2,0,1,4,Meal Plan 1,Room_Type 4,39,"Friday, April 20, 2018",Online,120.6,Canceled
INN00060,2,0,0,3,Meal Plan 1,Room_Type 4,86,"Monday, June 4, 2018",Online,99.3,Not_Canceled
INN00061,2,2,0,1,Meal Plan 1,Room_Type 6,2,"Friday, February 9, 2018",Online,258,Not_Canceled
INN00062,1,0,0,3,Meal Plan 1,Room_Type 4,19,"Monday, March 5, 2018",Online,120.12,Not_Canceled
INN00063,1,0,0,2,Meal Plan 1,Room_Type 1,192,"Sunday, June 24, 2018",Offline,95,Not_Canceled
INN00064,1,0,0,1,Meal Plan 1,Room_Type 1,2,"Monday, October 9, 2017",Complementary,0,Not_Canceled
INN00065,2,0,2,1,Meal Plan 1,Room_Type 1,86,"Tuesday, December 18, 2018",Offline,75,Not_Canceled
INN00066,2,0,0,3,Meal Plan 1,Room_Type 4,30,"Thursday, May 10, 2018",Online,157.5,Not_Canceled
INN00067,2,0,0,2,Meal Plan 1,Room_Type 4,179,"Tuesday, March 6, 2018",Online,97.7,Not_Canceled
INN00068,2,0,0,2,Meal Plan 1,Room_Type 4,26,"Sunday, April 15, 2018",Online,142,Canceled
INN00069,2,0,0,1,Meal Plan 1,Room_Type 1,55,"Monday, June 4, 2018",Offline,80,Not_Canceled
INN00070,2,0,1,2,Meal Plan 1,Room_Type 1,74,"Wednesday, April 25, 2018",Online,85.5,Not_Canceled
INN00071,2,0,0,3,Meal Plan 1,Room_Type 1,143,"Saturday, August 25, 2018",Offline,100,Not_Canceled
INN00072,2,0,1,0,Not Selected,Room_Type 1,34,"Wednesday, November 14, 2018",Online,88,Not_Canceled
INN00073,2,0,1,1,Meal Plan 1,Room_Type 1,30,"Wednesday, August 29, 2018",Online,122.85,Not_Canceled
INN00074,2,0,0,2,Meal Plan 1,Room_Type 1,177,"Tuesday, March 6, 2018",Online,100,Canceled
INN00075,2,0,2,3,Meal Plan 1,Room_Type 4,34,"Wednesday, October 25, 2017",Offline,75,Not_Canceled
INN00076,2,0,1,4,Meal Plan 1,Room_Type 4,18,"Monday, September 3, 2018",Online,116.8,Not_Canceled
INN00077,3,0,1,1,Meal Plan 1,Room_Type 4,267,"Monday, December 31, 2018",Online,121.5,Not_Canceled
INN00078,2,0,1,2,Meal Plan 1,Room_Type 1,64,"Wednesday, June 27, 2018",Online,111.9,Not_Canceled
INN00079,3,0,2,5,Meal Plan 1,Room_Type 4,155,"Thursday, June 28, 2018",Online,121.55,Canceled
INN00080,2,0,0,5,Meal Plan 1,Room_Type 1,46,"Thursday, March 29, 2018",Offline,75,Not_Canceled
INN00081,2,2,0,2,Meal Plan 1,Room_Type 6,83,"Thursday, January 4, 2018",Online,159.3,Canceled
INN00082,2,0,0,5,Meal Plan 1,Room_Type 4,128,"Saturday, November 10, 2018",Online,132.3,Canceled
INN00083,2,0,2,0,Not Selected,Room_Type 1,20,"Tuesday, December 25, 2018",Online,88,Not_Canceled
INN00084,2,0,1,4,Meal Plan 1,Room_Type 4,40,"Wednesday, March 14, 2018",Online,98.82,Not_Canceled
INN00085,2,0,1,2,Meal Plan 1,Room_Type 4,46,"Tuesday, April 3, 2018",Online,98.3,Not_Canceled
INN00086,1,0,1,0,Meal Plan 1,Room_Type 1,1,"Wednesday, October 17, 2018",Online,150,Not_Canceled
INN00087,2,0,2,3,Not Selected,Room_Type 1,196,"Monday, April 9, 2018",Online,96.05,Not_Canceled
INN00088,1,0,0,2,Meal Plan 1,Room_Type 1,188,"Friday, June 15, 2018",Online,130,Canceled
INN00089,2,0,0,1,Not Selected,Room_Type 1,17,"Friday, October 12, 2018",Online,95,Not_Canceled
INN00090,2,0,0,3,Meal Plan 1,Room_Type 5,146,"Saturday, September 8, 2018",Offline,113.56,Not_Canceled
INN00091,2,0,1,3,Not Selected,Room_Type 1,110,"Saturday, May 5, 2018",Online,101.58,Not_Canceled
INN00092,2,0,1,2,Meal Plan 1,Room_Type 1,68,"Sunday, March 18, 2018",Online,105.3,Not_Canceled
INN00093,2,0,2,1,Meal Plan 1,Room_Type 4,73,"Tuesday, September 4, 2018",Online,115.8,Not_Canceled
INN00094,2,0,0,1,Meal Plan 1,Room_Type 4,92,"Saturday, May 19, 2018",Online,149.4,Not_Canceled
INN00095,2,0,2,5,Meal Plan 1,Room_Type 1,171,"Thursday, August 30, 2018",Online,111.59,Canceled
INN00096,2,1,0,2,Meal Plan 1,Room_Type 1,134,"Sunday, April 8, 2018",Online,130.5,Not_Canceled
INN00097,2,0,0,2,Meal Plan 2,Room_Type 1,320,"Saturday, August 18, 2018",Online,115,Canceled
INN00098,2,0,0,4,Meal Plan 1,Room_Type 1,118,"Friday, April 13, 2018",Online,90.95,Not_Canceled
INN00099,2,0,0,3,Meal Plan 1,Room_Type 1,30,"Saturday, November 17, 2018",Online,76.08,Not_Canceled
INN00100,2,2,1,3,Meal Plan 1,Room_Type 6,30,"Saturday, December 22, 2018",Online,156.9,Not_Canceled
INN00101,2,0,1,0,Not Selected,Room_Type 1,189,"Tuesday, October 23, 2018",Online,85.5,Not_Canceled
INN00102,3,0,1,2,Meal Plan 1,Room_Type 4,55,"Sunday, May 13, 2018",Online,159.3,Not_Canceled
INN00103,1,0,0,4,Meal Plan 1,Room_Type 1,55,"Thursday, December 13, 2018",Online,74.8,Not_Canceled
INN00104,2,0,0,1,Meal Plan 1,Room_Type 1,16,"Tuesday, October 31, 2017",Online,95,Not_Canceled
INN00105,2,0,0,3,Meal Plan 1,Room_Type 1,24,"Thursday, August 10, 2017",Online,107,Not_Canceled
INN00106,2,0,0,3,Meal Plan 1,Room_Type 1,8,"Friday, February 16, 2018",Offline,64,Not_Canceled
INN00107,2,0,1,4,Meal Plan 1,Room_Type 1,10,"Saturday, February 11, 2017",Online,82.95,Not_Canceled
INN00108,2,0,1,3,Meal Plan 1,Room_Type 4,0,"Thursday, September 21, 2017",Online,155,Not_Canceled
INN00109,2,0,0,1,Not Selected,Room_Type 1,12,"Saturday, June 30, 2018",Online,101.68,Not_Canceled
INN00110,2,0,2,1,Meal Plan 1,Room_Type 1,32,"Tuesday, May 9, 2017",Online,94.5,Not_Canceled
INN00111,2,0,0,2,Meal Plan 1,Room_Type 1,182,"Sunday, September 30, 2018",Online,117.9,Canceled
INN00112,2,0,1,0,Not Selected,Room_Type 1,1,"Wednesday, June 27, 2018",Online,127,Not_Canceled
INN00113,2,0,0,3,Not Selected,Room_Type 1,122,"Saturday, June 16, 2018",Online,116.1,Not_Canceled
INN00114,2,0,2,3,Meal Plan 1,Room_Type 1,40,"Saturday, June 30, 2018",Online,117.9,Not_Canceled
INN00115,2,2,2,2,Meal Plan 1,Room_Type 2,116,"Tuesday, June 26, 2018",Online,184.24,Canceled
INN00116,3,0,2,2,Meal Plan 1,Room_Type 4,123,"Monday, August 13, 2018",Online,155.7,Not_Canceled
INN00117,3,0,2,5,Meal Plan 1,Room_Type 4,40,"Sunday, April 22, 2018",Online,135.76,Canceled
INN00118,2,1,2,5,Meal Plan 1,Room_Type 1,105,"Tuesday, December 11, 2018",Online,102.83,Not_Canceled
INN00119,2,0,0,1,Meal Plan 1,Room_Type 1,443,"Sunday, April 29, 2018",Online,65,Canceled
INN00120,2,0,2,3,Meal Plan 1,Room_Type 1,2,"Tuesday, November 14, 2017",Online,103,Not_Canceled
INN00121,2,0,0,3,Meal Plan 1,Room_Type 1,317,"Tuesday, January 9, 2018",Online,106.2,Canceled
INN00122,2,0,0,2,Meal Plan 2,Room_Type 1,286,"Sunday, September 16, 2018",Offline,58.5,Not_Canceled
INN00123,2,0,1,3,Meal Plan 1,Room_Type 1,68,"Wednesday, October 3, 2018",Online,73.95,Canceled
INN00124,2,0,0,3,Meal Plan 1,Room_Type 1,148,"Saturday, May 5, 2018",Online,105.3,Not_Canceled
INN00125,3,0,2,0,Meal Plan 1,Room_Type 4,68,"Tuesday, April 24, 2018",Online,133.2,Not_Canceled
INN00126,2,0,0,2,Meal Plan 1,Room_Type 1,30,"Friday, March 30, 2018",Offline,85.5,Not_Canceled
INN00127,1,0,0,1,Meal Plan 1,Room_Type 1,14,"Sunday, March 11, 2018",Online,112,Canceled
INN00128,2,2,0,2,Meal Plan 1,Room_Type 6,110,"Sunday, October 14, 2018",Online,190.8,Canceled
INN00129,1,0,2,3,Meal Plan 1,Room_Type 1,117,"Sunday, May 6, 2018",Offline,110,Not_Canceled
INN00130,2,0,1,4,Meal Plan 1,Room_Type 4,85,"Friday, July 13, 2018",Online,91.48,Not_Canceled
INN00131,2,0,0,2,Not Selected,Room_Type 1,1,"Saturday, October 20, 2018",Online,135,Not_Canceled
INN00132,1,0,1,2,Meal Plan 1,Room_Type 1,25,"Wednesday, October 17, 2018",Online,129,Not_Canceled
INN00133,2,0,2,4,Not Selected,Room_Type 1,289,"Friday, December 28, 2018",Online,70.55,Canceled
INN00134,2,0,1,4,Meal Plan 1,Room_Type 4,28,"Thursday, October 19, 2017",Offline,75,Not_Canceled
INN00135,1,0,0,4,Not Selected,Room_Type 1,80,"Thursday, March 29, 2018",Online,72.25,Not_Canceled
INN00136,2,0,0,1,Meal Plan 1,Room_Type 4,11,"Sunday, September 10, 2017",Online,155,Not_Canceled
INN00137,2,1,1,0,Meal Plan 1,Room_Type 1,162,"Wednesday, July 25, 2018",Online,121.5,Canceled
INN00138,2,0,2,5,Meal Plan 1,Room_Type 1,155,"Thursday, June 28, 2018",Online,90.95,Not_Canceled
INN00139,1,0,2,2,Meal Plan 1,Room_Type 1,82,"Tuesday, May 22, 2018",Online,109.65,Not_Canceled
INN00140,3,0,2,4,Meal Plan 1,Room_Type 4,27,"Sunday, April 15, 2018",Online,142.72,Canceled
INN00141,1,0,1,2,Meal Plan 1,Room_Type 1,13,"Wednesday, September 5, 2018",Offline,90,Not_Canceled
INN00142,2,0,0,2,Meal Plan 1,Room_Type 1,245,"Sunday, June 17, 2018",Online,75,Canceled
INN00143,2,0,0,2,Meal Plan 1,Room_Type 1,11,"Sunday, November 18, 2018",Online,111,Canceled
INN00144,2,0,2,2,Meal Plan 1,Room_Type 1,266,"Tuesday, October 30, 2018",Online,86.7,Not_Canceled
INN00145,2,0,1,0,Meal Plan 1,Room_Type 1,39,"Wednesday, March 28, 2018",Online,117.9,Not_Canceled
INN00146,1,0,0,2,Meal Plan 1,Room_Type 1,13,"Saturday, January 6, 2018",Complementary,0,Not_Canceled
INN00147,2,0,0,4,Not Selected,Room_Type 1,112,"Thursday, April 5, 2018",Online,101.58,Not_Canceled
INN00148,2,0,1,2,Not Selected,Room_Type 1,88,"Saturday, August 4, 2018",Online,58.9,Not_Canceled
INN00149,2,0,0,1,Meal Plan 1,Room_Type 1,56,"Monday, August 6, 2018",Offline,120,Not_Canceled
INN00150,2,0,2,3,Meal Plan 1,Room_Type 4,73,"Wednesday, July 4, 2018",Online,107.1,Canceled
INN00151,2,0,1,1,Meal Plan 1,Room_Type 1,80,"Monday, February 5, 2018",Online,126.9,Not_Canceled
INN00152,2,0,0,3,Meal Plan 1,Room_Type 4,130,"Saturday, September 29, 2018",Online,139.5,Canceled
INN00153,2,0,1,3,Not Selected,Room_Type 1,69,"Wednesday, April 4, 2018",Online,80.75,Not_Canceled
INN00154,2,0,0,2,Meal Plan 2,Room_Type 1,273,"Monday, July 17, 2017",Online,109,Canceled
INN00155,2,0,0,1,Meal Plan 2,Room_Type 1,55,"Monday, June 4, 2018",Offline,104,Not_Canceled
INN00156,1,0,0,3,Meal Plan 1,Room_Type 1,4,"Thursday, January 11, 2018",Corporate,65,Not_Canceled
INN00157,2,0,0,3,Meal Plan 1,Room_Type 4,97,"Thursday, May 24, 2018",Online,140.4,Not_Canceled
INN00158,2,0,0,3,Meal Plan 1,Room_Type 1,44,"Saturday, February 17, 2018",Offline,75,Not_Canceled
INN00159,2,0,0,1,Not Selected,Room_Type 1,31,"Saturday, April 14, 2018",Online,94.5,Canceled
INN00160,2,0,1,0,Not Selected,Room_Type 1,0,"Sunday, May 6, 2018",Online,109,Not_Canceled
INN00161,2,0,2,2,Meal Plan 1,Room_Type 1,62,"Tuesday, December 11, 2018",Online,105,Not_Canceled
INN00162,2,0,2,2,Meal Plan 1,Room_Type 4,86,"Tuesday, April 17, 2018",Online,107.95,Not_Canceled
INN00163,3,0,2,2,Meal Plan 1,Room_Type 7,3,"Tuesday, July 10, 2018",Online,215.6,Not_Canceled
INN00164,2,0,1,1,Not Selected,Room_Type 1,197,"Monday, January 8, 2018",Online,85.5,Not_Canceled
INN00165,2,0,0,2,Meal Plan 1,Room_Type 1,143,"Friday, December 7, 2018",Online,105.3,Not_Canceled
INN00166,1,0,2,1,Meal Plan 2,Room_Type 1,23,"Thursday, February 1, 2018",Online,1,Not_Canceled
INN00167,2,0,0,2,Meal Plan 1,Room_Type 4,8,"Friday, June 15, 2018",Online,156,Canceled
INN00168,1,0,0,2,Meal Plan 1,Room_Type 1,13,"Friday, November 16, 2018",Online,73.15,Not_Canceled
INN00169,2,0,1,2,Meal Plan 1,Room_Type 1,280,"Wednesday, September 19, 2018",Online,110,Canceled
INN00170,2,1,1,0,Not Selected,Room_Type 1,11,"Wednesday, September 13, 2017",Online,87.4,Not_Canceled
INN00171,2,0,0,2,Meal Plan 1,Room_Type 1,317,"Saturday, September 15, 2018",Online,120,Canceled
INN00172,2,0,1,2,Not Selected,Room_Type 1,185,"Sunday, December 16, 2018",Online,79.2,Canceled
INN00173,2,0,1,3,Meal Plan 1,Room_Type 1,160,"Saturday, June 30, 2018",Online,90.95,Not_Canceled
INN00174,2,0,0,4,Meal Plan 1,Room_Type 1,104,"Thursday, October 18, 2018",Online,91.48,Not_Canceled
INN00175,2,1,0,1,Meal Plan 1,Room_Type 1,11,"Friday, May 11, 2018",Online,150,Canceled
INN00176,2,0,0,1,Not Selected,Room_Type 1,2,"Thursday, March 22, 2018",Online,89,Not_Canceled
INN00177,2,0,1,4,Not Selected,Room_Type 1,14,"Friday, August 17, 2018",Online,91.43,Not_Canceled
INN00178,2,0,0,2,Meal Plan 1,Room_Type 1,22,"Sunday, May 20, 2018",Offline,140,Not_Canceled
INN00179,1,1,2,5,Not Selected,Room_Type 1,37,"Tuesday, October 24, 2017",Online,87.78,Not_Canceled
INN00180,2,0,0,2,Meal Plan 2,Room_Type 1,292,"Saturday, July 21, 2018",Online,115,Canceled
INN00181,2,0,0,3,Meal Plan 1,Room_Type 1,11,"Saturday, September 9, 2017",Online,80.85,Not_Canceled
INN00182,2,0,1,3,Meal Plan 1,Room_Type 1,86,"Saturday, March 31, 2018",Online,82.45,Not_Canceled
INN00183,2,0,0,1,Not Selected,Room_Type 1,109,"Saturday, November 10, 2018",Online,108,Canceled
INN00184,2,0,1,1,Meal Plan 1,Room_Type 4,72,"Sunday, February 4, 2018",Online,96.3,Not_Canceled
INN00185,2,0,1,5,Meal Plan 1,Room_Type 1,196,"Wednesday, August 22, 2018",Online,99.45,Canceled
INN00186,2,0,0,2,Meal Plan 1,Room_Type 4,56,"Sunday, May 13, 2018",Online,140.4,Not_Canceled
INN00187,2,0,1,3,Meal Plan 1,Room_Type 1,189,"Wednesday, August 8, 2018",Offline,72.25,Not_Canceled
INN00188,2,0,1,4,Meal Plan 1,Room_Type 4,126,"Wednesday, August 15, 2018",Online,126,Not_Canceled
INN00189,2,0,2,3,Meal Plan 1,Room_Type 1,303,"Sunday, August 19, 2018",Online,78,Canceled
INN00190,1,0,2,2,Meal Plan 1,Room_Type 4,81,"Monday, June 11, 2018",Online,146.6,Not_Canceled
INN00191,2,0,1,2,Meal Plan 1,Room_Type 1,54,"Wednesday, October 10, 2018",Online,118.8,Canceled
INN00192,1,0,0,1,Meal Plan 1,Room_Type 1,15,"Sunday, June 10, 2018",Online,145,Canceled
INN00193,2,0,0,4,Meal Plan 1,Room_Type 1,86,"Monday, June 4, 2018",Online,84.58,Canceled
INN00194,2,0,1,2,Meal Plan 2,Room_Type 1,161,"Sunday, March 25, 2018",Online,130,Canceled
INN00195,2,0,4,10,Meal Plan 1,Room_Type 4,147,"Thursday, March 8, 2018",Online,118.88,Canceled
INN00196,2,0,1,2,Meal Plan 1,Room_Type 1,92,"Wednesday, May 30, 2018",Offline,101.52,Not_Canceled
INN00197,2,0,0,1,Meal Plan 1,Room_Type 1,87,"Thursday, November 9, 2017",Corporate,100,Canceled
INN00198,2,0,2,1,Meal Plan 1,Room_Type 1,109,"Tuesday, March 20, 2018",Offline,58,Not_Canceled
INN00199,2,0,0,4,Meal Plan 1,Room_Type 1,127,"Friday, March 23, 2018",Offline,61.5,Not_Canceled
INN00200,2,0,1,2,Meal Plan 2,Room_Type 1,418,"Wednesday, September 26, 2018",Online,107,Canceled
INN00201,2,0,1,4,Not Selected,Room_Type 1,156,"Friday, August 24, 2018",Online,87.3,Not_Canceled
INN00202,2,0,0,2,Meal Plan 1,Room_Type 1,80,"Sunday, July 16, 2017",Online,76.5,Canceled
INN00203,2,0,2,2,Not Selected,Room_Type 1,211,"Sunday, December 16, 2018",Online,63.75,Canceled
INN00204,2,0,1,2,Meal Plan 1,Room_Type 1,273,"Sunday, May 13, 2018",Online,95,Canceled
INN00205,2,0,2,1,Meal Plan 1,Room_Type 1,58,"Monday, November 19, 2018",Offline,75,Not_Canceled
INN00206,2,0,0,3,Meal Plan 1,Room_Type 1,433,"Thursday, August 9, 2018",Online,70,Canceled
INN00207,2,0,1,3,Meal Plan 1,Room_Type 1,111,"Monday, February 5, 2018",Online,101.58,Not_Canceled
INN00208,2,0,2,3,Meal Plan 1,Room_Type 1,34,"Tuesday, August 21, 2018",Offline,85,Not_Canceled
INN00209,2,0,2,4,Meal Plan 1,Room_Type 1,17,"Monday, March 12, 2018",Online,98.39,Not_Canceled
INN00210,1,0,0,0,Meal Plan 1,Room_Type 1,4,"Tuesday, February 27, 2018",Complementary,0,Not_Canceled
INN00211,2,0,0,3,Meal Plan 1,Room_Type 1,6,"Friday, September 22, 2017",Online,106.07,Not_Canceled
INN00212,2,0,1,1,Meal Plan 1,Room_Type 1,32,"Wednesday, July 18, 2018",Offline,105,Not_Canceled
INN00213,2,0,0,1,Meal Plan 1,Room_Type 1,4,"Friday, September 22, 2017",Online,145,Not_Canceled
INN00214,3,0,2,1,Meal Plan 1,Room_Type 1,195,"Monday, August 13, 2018",Online,106.03,Canceled
INN00215,2,0,2,2,Meal Plan 1,Room_Type 1,119,"Monday, August 13, 2018",Online,114.3,Not_Canceled
INN00216,1,0,1,1,Not Selected,Room_Type 1,13,"Saturday, May 12, 2018",Online,88,Not_Canceled
INN00217,2,0,0,2,Meal Plan 1,Room_Type 1,59,"Sunday, October 15, 2017",Online,89.25,Not_Canceled
INN00218,2,1,2,5,Meal Plan 1,Room_Type 4,78,"Tuesday, March 20, 2018",Online,86.32,Not_Canceled
INN00219,2,0,0,3,Meal Plan 1,Room_Type 1,335,"Saturday, October 13, 2018",Offline,90,Not_Canceled
INN00220,2,0,2,5,Meal Plan 1,Room_Type 1,103,"Tuesday, August 22, 2017",Online,55.96,Not_Canceled
INN00221,1,0,0,2,Not Selected,Room_Type 1,0,"Monday, August 6, 2018",Online,109,Not_Canceled
INN00222,2,0,0,1,Meal Plan 1,Room_Type 1,118,"Wednesday, January 3, 2018",Offline,86,Not_Canceled
INN00223,2,0,1,5,Meal Plan 1,Room_Type 1,56,"Wednesday, May 9, 2018",Online,118.95,Not_Canceled
INN00224,2,0,0,2,Meal Plan 1,Room_Type 1,107,"Saturday, October 6, 2018",Offline,130,Not_Canceled
INN00225,2,0,1,3,Not Selected,Room_Type 1,70,"Saturday, April 14, 2018",Online,90.56,Not_Canceled
INN00226,2,0,0,2,Meal Plan 1,Room_Type 1,76,"Thursday, January 4, 2018",Online,87.3,Not_Canceled
INN00227,2,2,2,2,Meal Plan 1,Room_Type 6,144,"Sunday, May 27, 2018",Online,177.65,Canceled
INN00228,1,2,2,2,Meal Plan 1,Room_Type 6,4,"Tuesday, September 19, 2017",Online,200.75,Not_Canceled
INN00229,2,1,0,2,Meal Plan 1,Room_Type 1,15,"Sunday, March 18, 2018",Online,127,Not_Canceled
INN00230,1,0,1,2,Meal Plan 1,Room_Type 1,32,"Wednesday, May 2, 2018",Online,72.9,Canceled
INN00231,3,0,1,1,Meal Plan 1,Room_Type 4,49,"Thursday, July 5, 2018",Online,159.3,Canceled
INN00232,2,1,1,3,Meal Plan 1,Room_Type 1,77,"Wednesday, December 5, 2018",Online,135.15,Not_Canceled
INN00233,1,0,0,2,Meal Plan 1,Room_Type 1,22,"Sunday, October 28, 2018",Offline,90,Not_Canceled
INN00234,2,0,1,0,Not Selected,Room_Type 1,0,"Wednesday, October 18, 2017",Online,114,Not_Canceled
INN00235,2,1,0,1,Meal Plan 1,Room_Type 1,58,"Thursday, June 21, 2018",Online,125.1,Not_Canceled
INN00236,2,0,2,6,Not Selected,Room_Type 1,4,"Monday, August 14, 2017",Online,95.13,Not_Canceled
INN00237,2,0,0,2,Meal Plan 1,Room_Type 5,117,"Sunday, April 29, 2018",Online,105.84,Canceled
INN00238,2,0,1,3,Meal Plan 1,Room_Type 1,36,"Wednesday, December 26, 2018",Online,102,Canceled
INN00239,2,0,2,2,Not Selected,Room_Type 1,35,"Monday, February 12, 2018",Online,74.8,Not_Canceled
INN00240,2,0,1,0,Not Selected,Room_Type 1,31,"Tuesday, April 24, 2018",Online,94.5,Canceled
INN00241,2,0,2,4,Not Selected,Room_Type 1,79,"Saturday, June 16, 2018",Online,120.6,Not_Canceled
INN00242,2,0,1,2,Meal Plan 1,Room_Type 1,1,"Sunday, September 10, 2017",Online,139.33,Not_Canceled
INN00243,2,0,0,2,Meal Plan 1,Room_Type 1,21,"Thursday, March 9, 2017",Online,105,Not_Canceled
INN00244,2,0,0,2,Not Selected,Room_Type 1,12,"Friday, September 14, 2018",Corporate,100,Not_Canceled
INN00245,2,0,1,0,Meal Plan 1,Room_Type 1,33,"Thursday, August 2, 2018",Online,80.3,Not_Canceled
INN00246,1,0,0,2,Meal Plan 1,Room_Type 1,164,"Friday, February 10, 2017",Offline,100,Not_Canceled
INN00247,2,0,0,3,Meal Plan 1,Room_Type 1,78,"Saturday, March 24, 2018",Online,105.3,Not_Canceled
INN00248,2,0,0,4,Meal Plan 1,Room_Type 4,18,"Thursday, May 31, 2018",Online,112.8,Canceled
INN00249,2,0,1,2,Meal Plan 1,Room_Type 1,21,"Wednesday, August 15, 2018",Online,151,Canceled
INN00250,1,0,1,3,Meal Plan 1,Room_Type 1,0,"Monday, September 11, 2017",Online,91,Not_Canceled
INN00251,3,0,2,1,Meal Plan 1,Room_Type 4,152,"Monday, August 13, 2018",Online,146.7,Canceled
INN00252,2,0,2,3,Meal Plan 1,Room_Type 1,43,"Friday, February 10, 2017",Offline,58.4,Not_Canceled
INN00253,2,0,0,4,Not Selected,Room_Type 1,177,"Thursday, July 26, 2018",Online,80.75,Canceled
INN00254,2,0,1,1,Not Selected,Room_Type 1,47,"Monday, May 21, 2018",Offline,76.5,Not_Canceled
INN00255,3,0,0,3,Meal Plan 1,Room_Type 4,57,"Monday, July 9, 2018",Online,140.13,Not_Canceled
INN00256,2,0,2,4,Not Selected,Room_Type 1,60,"Wednesday, November 15, 2017",Online,76,Not_Canceled
INN00257,2,0,0,1,Meal Plan 1,Room_Type 1,0,"Saturday, September 16, 2017",Online,200,Not_Canceled
INN00258,2,0,0,2,Meal Plan 2,Room_Type 1,102,"Monday, October 16, 2017",Online,101.5,Canceled
INN00259,2,0,0,3,Not Selected,Room_Type 1,71,"Thursday, October 18, 2018",Online,108,Not_Canceled
INN00260,3,0,2,3,Meal Plan 2,Room_Type 4,111,"Monday, July 23, 2018",Online,189,Not_Canceled
INN00261,3,0,1,1,Meal Plan 1,Room_Type 4,1,"Tuesday, November 6, 2018",Online,166,Not_Canceled
INN00262,2,0,1,1,Not Selected,Room_Type 1,4,"Tuesday, January 16, 2018",Online,67.5,Not_Canceled
INN00263,2,0,1,3,Meal Plan 1,Room_Type 4,25,"Thursday, September 14, 2017",Online,78.54,Not_Canceled
INN00264,1,0,2,2,Meal Plan 1,Room_Type 1,209,"Monday, June 11, 2018",Online,152.1,Canceled
INN00265,1,0,2,1,Meal Plan 1,Room_Type 1,93,"Monday, October 15, 2018",Online,115,Canceled
INN00266,2,0,2,5,Not Selected,Room_Type 1,53,"Thursday, February 9, 2017",Online,66.53,Not_Canceled
INN00267,1,0,0,2,Meal Plan 1,Room_Type 1,1,"Friday, December 8, 2017",Complementary,0,Not_Canceled
INN00268,1,0,2,1,Meal Plan 1,Room_Type 1,4,"Wednesday, August 23, 2017",Complementary,0,Not_Canceled
INN00269,2,0,0,3,Meal Plan 1,Room_Type 1,302,"Saturday, December 29, 2018",Online,90.3,Canceled
INN00270,2,0,0,2,Meal Plan 1,Room_Type 1,122,"Sunday, April 15, 2018",Offline,85,Not_Canceled
INN00271,1,0,0,1,Meal Plan 1,Room_Type 1,16,"Saturday, November 3, 2018",Corporate,75,Not_Canceled
INN00272,2,0,2,4,Meal Plan 1,Room_Type 1,28,"Tuesday, August 28, 2018",Online,115.37,Canceled
INN00273,2,0,1,2,Meal Plan 2,Room_Type 1,161,"Sunday, March 25, 2018",Online,130,Canceled
INN00274,3,0,0,2,Meal Plan 1,Room_Type 4,57,"Wednesday, September 12, 2018",Online,126,Not_Canceled
INN00275,2,0,1,0,Meal Plan 1,Room_Type 1,19,"Thursday, December 6, 2018",Online,94.35,Not_Canceled
INN00276,3,0,2,4,Meal Plan 1,Room_Type 4,109,"Thursday, June 7, 2018",Online,118.46,Not_Canceled
INN00277,1,0,0,2,Meal Plan 2,Room_Type 1,239,"Friday, June 15, 2018",Online,90.6,Canceled
INN00278,1,0,2,1,Meal Plan 1,Room_Type 1,33,"Thursday, May 3, 2018",Online,82.9,Not_Canceled
INN00279,2,0,0,3,Meal Plan 1,Room_Type 1,11,"Friday, August 18, 2017",Online,95.33,Not_Canceled
INN00280,3,0,2,5,Meal Plan 1,Room_Type 4,40,"Saturday, April 21, 2018",Online,135.64,Not_Canceled
INN00281,3,0,1,1,Meal Plan 1,Room_Type 4,45,"Monday, June 18, 2018",Offline,122.4,Not_Canceled
INN00282,2,0,1,3,Not Selected,Room_Type 1,41,"Wednesday, September 5, 2018",Online,116.1,Canceled
INN00283,2,0,0,4,Not Selected,Room_Type 1,167,"Thursday, June 28, 2018",Online,62.18,Canceled
INN00284,2,0,0,4,Not Selected,Room_Type 1,62,"Monday, September 3, 2018",Online,63.75,Canceled
INN00285,1,0,1,4,Meal Plan 1,Room_Type 1,113,"Monday, July 9, 2018",Online,118.8,Canceled
INN00286,2,0,0,2,Not Selected,Room_Type 1,1,"Monday, October 8, 2018",Online,167,Not_Canceled
INN00287,2,2,2,2,Meal Plan 1,Room_Type 6,84,"Sunday, May 13, 2018",Online,187.85,Not_Canceled
INN00288,0,2,2,2,Meal Plan 1,Room_Type 1,68,"Tuesday, April 24, 2018",Online,108.38,Canceled
INN00289,2,0,0,1,Meal Plan 1,Room_Type 2,9,"Monday, July 9, 2018",Complementary,0,Not_Canceled
INN00290,3,0,1,2,Meal Plan 1,Room_Type 1,245,"Sunday, October 28, 2018",Online,128.7,Canceled
INN00291,2,0,1,3,Meal Plan 1,Room_Type 1,80,"Saturday, March 17, 2018",Online,80.33,Not_Canceled
INN00292,2,0,1,1,Meal Plan 1,Room_Type 1,7,"Wednesday, August 22, 2018",Online,140,Canceled
INN00293,2,1,1,1,Meal Plan 1,Room_Type 1,128,"Tuesday, August 8, 2017",Online,76.5,Not_Canceled
INN00294,2,0,2,1,Meal Plan 1,Room_Type 1,100,"Friday, January 5, 2018",Online,105.3,Not_Canceled
INN00295,2,0,2,1,Meal Plan 1,Room_Type 1,118,"Sunday, March 4, 2018",Online,87.3,Canceled
INN00296,1,0,0,3,Meal Plan 1,Room_Type 1,166,"Thursday, January 11, 2018",Online,110,Canceled
INN00297,1,0,0,1,Meal Plan 2,Room_Type 1,41,"Sunday, April 9, 2017",Offline,83,Not_Canceled
INN00298,2,0,2,2,Meal Plan 1,Room_Type 1,174,"Monday, August 13, 2018",Online,99.45,Not_Canceled
INN00299,2,1,2,1,Meal Plan 2,Room_Type 1,27,"Wednesday, December 27, 2017",Offline,104.5,Not_Canceled
INN00300,2,0,2,6,Meal Plan 1,Room_Type 1,2,"Friday, November 16, 2018",Online,92.54,Not_Canceled
INN00301,1,0,0,3,Meal Plan 1,Room_Type 1,37,"Saturday, October 13, 2018",Offline,95,Not_Canceled
INN00302,1,0,0,2,Meal Plan 1,Room_Type 1,188,"Friday, June 15, 2018",Online,130,Canceled
INN00303,2,0,2,1,Meal Plan 1,Room_Type 1,68,"Thursday, February 1, 2018",Offline,63,Not_Canceled
INN00304,2,0,1,2,Meal Plan 1,Room_Type 4,189,"Sunday, October 28, 2018",Online,109.8,Canceled
INN00305,2,0,1,0,Meal Plan 1,Room_Type 1,10,"Wednesday, May 16, 2018",Online,103,Not_Canceled
INN00306,3,0,2,1,Meal Plan 1,Room_Type 4,19,"Tuesday, February 20, 2018",Online,130,Not_Canceled
INN00307,2,0,0,2,Meal Plan 1,Room_Type 1,61,"Friday, March 23, 2018",Online,117,Canceled
INN00308,2,0,0,4,Meal Plan 1,Room_Type 4,95,"Friday, December 29, 2017",Offline,60.5,Not_Canceled
INN00309,2,0,0,1,Meal Plan 2,Room_Type 1,83,"Saturday, September 30, 2017",Offline,112.2,Not_Canceled
INN00310,2,0,1,3,Meal Plan 1,Room_Type 1,37,"Monday, January 8, 2018",Online,135.9,Canceled
INN00311,2,0,1,0,Meal Plan 1,Room_Type 1,19,"Wednesday, July 25, 2018",Online,151,Canceled
INN00312,2,2,0,2,Meal Plan 1,Room_Type 6,22,"Sunday, September 16, 2018",Online,239,Not_Canceled
INN00313,2,0,2,1,Meal Plan 1,Room_Type 1,22,"Tuesday, December 26, 2017",Online,59.09,Not_Canceled
INN00314,2,0,2,5,Meal Plan 1,Room_Type 1,151,"Friday, September 7, 2018",Online,103.09,Canceled
INN00315,2,0,2,1,Meal Plan 1,Room_Type 1,26,"Wednesday, February 28, 2018",Offline,87,Not_Canceled
INN00316,3,0,1,0,Meal Plan 1,Room_Type 4,27,"Tuesday, April 17, 2018",Online,137,Canceled
INN00317,2,0,0,2,Meal Plan 2,Room_Type 1,79,"Sunday, June 24, 2018",Offline,109,Not_Canceled
INN00318,2,0,1,1,Meal Plan 2,Room_Type 1,247,"Wednesday, June 6, 2018",Online,115,Canceled
INN00319,2,0,2,3,Meal Plan 1,Room_Type 4,189,"Tuesday, July 17, 2018",Online,99.45,Not_Canceled
INN00320,2,0,0,2,Meal Plan 2,Room_Type 1,320,"Saturday, August 18, 2018",Online,115,Canceled
INN00321,3,0,1,2,Meal Plan 1,Room_Type 4,27,"Thursday, February 22, 2018",Online,130,Not_Canceled
INN00322,1,0,1,0,Meal Plan 1,Room_Type 1,51,"Tuesday, May 22, 2018",Corporate,65,Not_Canceled
INN00323,2,0,0,2,Meal Plan 1,Room_Type 1,245,"Sunday, June 17, 2018",Online,75,Canceled
INN00324,2,1,1,2,Meal Plan 1,Room_Type 1,52,"Tuesday, August 7, 2018",Online,132.9,Canceled
INN00325,1,0,2,0,Meal Plan 1,Room_Type 1,13,"Wednesday, October 18, 2017",Online,120,Not_Canceled
INN00326,2,0,0,2,Not Selected,Room_Type 1,46,"Sunday, November 11, 2018",Online,79.2,Canceled
INN00327,3,0,2,1,Meal Plan 1,Room_Type 4,84,"Tuesday, August 28, 2018",Online,159.3,Canceled
INN00328,1,0,0,2,Meal Plan 1,Room_Type 1,188,"Friday, June 15, 2018",Online,130,Canceled
INN00329,2,0,0,3,Meal Plan 1,Room_Type 1,19,"Saturday, June 10, 2017",Offline,90,Not_Canceled
INN00330,2,0,0,2,Meal Plan 1,Room_Type 4,67,"Sunday, May 27, 2018",Online,140.4,Not_Canceled
INN00331,2,0,0,1,Meal Plan 1,Room_Type 1,0,"Wednesday, November 8, 2017",Online,75,Not_Canceled
INN00332,2,0,0,2,Meal Plan 2,Room_Type 1,273,"Monday, July 17, 2017",Online,109,Canceled
INN00333,2,0,2,1,Meal Plan 2,Room_Type 1,110,"Tuesday, July 25, 2017",Online,94.5,Canceled
INN00334,1,0,0,1,Meal Plan 1,Room_Type 1,0,"Friday, December 15, 2017",Corporate,75,Not_Canceled
INN00335,2,0,1,2,Meal Plan 1,Room_Type 4,32,"Monday, October 23, 2017",Offline,75,Not_Canceled
INN00336,2,0,2,1,Meal Plan 1,Room_Type 1,282,"Tuesday, October 10, 2017",Offline,76.67,Not_Canceled
INN00337,2,0,2,2,Meal Plan 1,Room_Type 1,38,"Saturday, February 10, 2018",Online,126,Not_Canceled
INN00338,2,0,1,1,Not Selected,Room_Type 1,175,"Monday, July 23, 2018",Online,85.5,Not_Canceled
INN00339,2,0,0,3,Meal Plan 1,Room_Type 4,143,"Saturday, August 18, 2018",Online,140.7,Canceled
INN00340,2,0,2,2,Meal Plan 1,Room_Type 4,127,"Tuesday, June 26, 2018",Online,103.7,Not_Canceled
INN00341,1,0,0,1,Meal Plan 1,Room_Type 1,0,"Wednesday, August 9, 2017",Online,142,Not_Canceled
INN00342,2,1,2,5,Meal Plan 1,Room_Type 1,95,"Friday, December 21, 2018",Online,103.7,Not_Canceled
INN00343,1,0,1,2,Meal Plan 1,Room_Type 1,118,"Wednesday, June 6, 2018",Offline,110,Not_Canceled
INN00344,2,0,0,3,Meal Plan 1,Room_Type 1,45,"Thursday, October 11, 2018",Offline,75,Not_Canceled
INN00345,3,0,1,1,Meal Plan 1,Room_Type 4,69,"Wednesday, July 25, 2018",Online,137.7,Not_Canceled
INN00346,2,0,0,1,Not Selected,Room_Type 1,57,"Monday, July 9, 2018",Online,87.3,Not_Canceled
INN00347,1,0,0,2,Meal Plan 1,Room_Type 1,5,"Friday, August 24, 2018",Complementary,0,Not_Canceled
INN00348,2,0,0,2,Meal Plan 2,Room_Type 1,39,"Monday, August 14, 2017",Offline,101.5,Not_Canceled
INN00349,2,0,0,1,Meal Plan 1,Room_Type 1,0,"Saturday, February 24, 2018",Online,97,Not_Canceled
INN00350,3,0,1,1,Meal Plan 1,Room_Type 4,89,"Wednesday, August 15, 2018",Online,150.3,Not_Canceled
INN00351,2,0,0,4,Meal Plan 1,Room_Type 1,85,"Thursday, March 29, 2018",Online,82.45,Not_Canceled
INN00352,1,0,0,1,Meal Plan 1,Room_Type 4,4,"Sunday, January 7, 2018",Corporate,103,Not_Canceled
INN00353,1,0,2,6,Meal Plan 1,Room_Type 1,11,"Monday, May 7, 2018",Online,145,Canceled
INN00354,1,0,1,1,Meal Plan 1,Room_Type 1,12,"Wednesday, November 7, 2018",Online,145,Not_Canceled
INN00355,2,0,2,2,Meal Plan 1,Room_Type 4,77,"Monday, May 14, 2018",Online,134.85,Not_Canceled
INN00356,2,1,1,1,Meal Plan 1,Room_Type 6,14,"Monday, October 22, 2018",Online,168.25,Not_Canceled
INN00357,1,0,2,1,Meal Plan 1,Room_Type 1,1,"Wednesday, February 28, 2018",Online,60,Canceled
INN00358,2,0,1,3,Meal Plan 1,Room_Type 1,133,"Wednesday, June 13, 2018",Offline,76,Not_Canceled
INN00359,2,0,1,2,Meal Plan 1,Room_Type 1,3,"Sunday, October 8, 2017",Offline,63.5,Not_Canceled
INN00360,2,0,2,0,Meal Plan 1,Room_Type 1,19,"Tuesday, September 18, 2018",Offline,95,Not_Canceled
INN00361,2,0,2,2,Meal Plan 1,Room_Type 4,86,"Friday, March 9, 2018",Offline,90.95,Not_Canceled
INN00362,2,0,0,2,Meal Plan 1,Room_Type 1,23,"Monday, October 16, 2017",Online,98.4,Not_Canceled
INN00363,2,0,0,1,Meal Plan 1,Room_Type 1,65,"Saturday, September 22, 2018",Online,135.9,Not_Canceled
INN00364,2,0,0,2,Meal Plan 1,Room_Type 4,1,"Friday, November 16, 2018",Online,130,Not_Canceled
INN00365,2,0,0,1,Meal Plan 1,Room_Type 4,66,"Sunday, November 19, 2017",Online,81.9,Not_Canceled
INN00366,3,0,1,4,Meal Plan 1,Room_Type 1,50,"Thursday, February 22, 2018",Online,78.85,Not_Canceled
INN00367,2,0,2,3,Meal Plan 2,Room_Type 1,87,"Tuesday, June 26, 2018",Online,141.3,Canceled
INN00368,2,0,1,1,Meal Plan 1,Room_Type 1,159,"Tuesday, September 4, 2018",Offline,70,Not_Canceled
INN00369,2,0,2,3,Meal Plan 2,Room_Type 1,39,"Monday, August 13, 2018",Online,170.1,Not_Canceled
INN00370,2,0,2,0,Meal Plan 2,Room_Type 1,386,"Tuesday, October 23, 2018",Online,115,Canceled
INN00371,2,2,0,5,Meal Plan 1,Room_Type 6,22,"Friday, December 29, 2017",Online,199,Not_Canceled
INN00372,2,0,2,2,Meal Plan 1,Room_Type 4,102,"Sunday, October 7, 2018",Offline,82.45,Not_Canceled
INN00373,4,0,0,3,Meal Plan 1,Room_Type 7,86,"Saturday, October 20, 2018",Online,192.86,Not_Canceled
INN00374,2,0,2,2,Meal Plan 1,Room_Type 1,56,"Monday, September 25, 2017",Offline,185,Not_Canceled
INN00375,2,0,2,6,Meal Plan 1,Room_Type 1,36,"Friday, October 12, 2018",Online,68.07,Not_Canceled
INN00376,2,0,0,3,Meal Plan 1,Room_Type 1,50,"Tuesday, April 10, 2018",Online,118.8,Not_Canceled
INN00377,2,0,0,2,Meal Plan 1,Room_Type 4,115,"Saturday, October 27, 2018",Online,104.4,Canceled
INN00378,1,0,0,1,Meal Plan 1,Room_Type 1,0,"Friday, March 23, 2018",Corporate,65,Not_Canceled
INN00379,2,0,1,3,Not Selected,Room_Type 1,35,"Saturday, March 3, 2018",Online,71.1,Canceled
INN00380,2,0,2,1,Meal Plan 1,Room_Type 1,17,"Monday, May 21, 2018",Offline,95,Not_Canceled
INN00381,2,0,4,11,Meal Plan 1,Room_Type 4,237,"Thursday, September 13, 2018",Online,116.62,Canceled
INN00382,2,0,0,4,Meal Plan 1,Room_Type 1,125,"Monday, July 9, 2018",Online,136,Not_Canceled
INN00383,2,2,2,2,Meal Plan 1,Room_Type 6,32,"Monday, February 12, 2018",Online,147.9,Canceled
INN00384,2,0,2,0,Not Selected,Room_Type 1,5,"Tuesday, September 18, 2018",Offline,123.7,Not_Canceled
INN00385,2,0,2,1,Meal Plan 1,Room_Type 1,91,"Tuesday, June 19, 2018",Online,135.9,Canceled
INN00386,2,0,0,2,Meal Plan 2,Room_Type 1,102,"Monday, October 16, 2017",Offline,109,Not_Canceled
INN00387,3,0,2,1,Meal Plan 1,Room_Type 4,9,"Tuesday, March 20, 2018",Online,186,Not_Canceled
INN00388,3,0,1,3,Meal Plan 1,Room_Type 4,155,"Wednesday, December 26, 2018",Online,115.6,Canceled
INN00389,2,2,0,1,Meal Plan 1,Room_Type 6,0,"Monday, May 14, 2018",Online,221,Canceled
INN00390,1,0,0,3,Meal Plan 1,Room_Type 1,11,"Friday, September 15, 2017",Corporate,65,Not_Canceled
INN00391,1,0,0,1,Meal Plan 1,Room_Type 1,0,"Monday, February 19, 2018",Corporate,80,Not_Canceled
INN00392,2,1,1,4,Meal Plan 1,Room_Type 1,86,"Friday, March 23, 2018",Offline,73.83,Not_Canceled
INN00393,1,0,0,1,Meal Plan 1,Room_Type 1,18,"Thursday, October 18, 2018",Corporate,67,Not_Canceled
INN00394,2,0,0,2,Meal Plan 1,Room_Type 1,58,"Tuesday, April 3, 2018",Online,80.3,Not_Canceled
INN00395,2,0,2,1,Not Selected,Room_Type 1,54,"Monday, April 30, 2018",Offline,85,Not_Canceled
INN00396,2,1,2,3,Meal Plan 1,Room_Type 1,25,"Monday, July 23, 2018",Online,152.1,Canceled
INN00397,2,0,0,2,Meal Plan 1,Room_Type 1,107,"Saturday, September 9, 2017",Online,89.25,Not_Canceled
INN00398,1,0,0,4,Meal Plan 2,Room_Type 1,100,"Friday, September 28, 2018",Offline,110,Not_Canceled
INN00399,2,0,1,2,Meal Plan 1,Room_Type 1,273,"Sunday, May 13, 2018",Online,95,Canceled
INN00400,2,0,0,1,Not Selected,Room_Type 1,29,"Sunday, March 18, 2018",Online,79,Not_Canceled
INN00401,2,0,0,1,Meal Plan 1,Room_Type 1,221,"Saturday, December 8, 2018",Online,80,Canceled
INN00402,2,0,2,2,Meal Plan 1,Room_Type 1,213,"Wednesday, January 10, 2018",Online,102.85,Canceled
INN00403,2,0,1,2,Meal Plan 1,Room_Type 1,198,"Sunday, September 9, 2018",Online,90,Canceled
INN00404,2,0,1,2,Meal Plan 1,Room_Type 2,81,"Monday, January 29, 2018",Online,62.37,Not_Canceled
INN00405,2,0,0,1,Not Selected,Room_Type 1,23,"Saturday, August 4, 2018",Online,98,Not_Canceled
INN00406,2,0,0,3,Meal Plan 1,Room_Type 1,26,"Sunday, September 17, 2017",Online,117.67,Canceled
INN00407,2,0,2,1,Meal Plan 1,Room_Type 1,20,"Monday, June 18, 2018",Online,141,Not_Canceled
INN00408,2,1,1,3,Meal Plan 1,Room_Type 6,124,"Wednesday, December 26, 2018",Online,156.61,Canceled
INN00409,3,0,0,3,Meal Plan 1,Room_Type 4,85,"Thursday, March 8, 2018",Online,152.1,Canceled
INN00410,2,0,0,1,Meal Plan 1,Room_Type 1,167,"Friday, June 8, 2018",Online,105.3,Canceled
INN00411,2,0,1,3,Meal Plan 1,Room_Type 1,71,"Wednesday, May 30, 2018",Online,119.85,Not_Canceled
INN00412,2,0,0,2,Meal Plan 1,Room_Type 1,48,"Wednesday, April 11, 2018",Online,97.2,Not_Canceled
INN00413,1,0,0,1,Not Selected,Room_Type 1,37,"Sunday, May 13, 2018",Online,116.1,Not_Canceled
INN00414,3,0,2,2,Meal Plan 1,Room_Type 4,76,"Tuesday, May 29, 2018",Online,150.45,Canceled
INN00415,1,0,0,1,Meal Plan 1,Room_Type 1,13,"Saturday, January 20, 2018",Offline,71,Not_Canceled
INN00416,1,0,1,0,Meal Plan 1,Room_Type 1,3,"Wednesday, June 27, 2018",Complementary,0,Not_Canceled
INN00417,2,0,1,2,Meal Plan 1,Room_Type 4,75,"Wednesday, July 12, 2017",Offline,60,Not_Canceled
INN00418,1,0,0,1,Meal Plan 1,Room_Type 1,5,"Friday, May 4, 2018",Corporate,89,Not_Canceled
INN00419,2,0,2,0,Meal Plan 2,Room_Type 1,386,"Tuesday, October 23, 2018",Online,115,Canceled
INN00420,2,0,1,1,Meal Plan 1,Room_Type 1,180,"Monday, February 5, 2018",Offline,100,Not_Canceled
INN00421,2,0,1,3,Not Selected,Room_Type 1,122,"Wednesday, November 14, 2018",Online,75.9,Canceled
INN00422,2,0,1,2,Meal Plan 1,Room_Type 1,224,"Friday, February 10, 2017",Offline,65,Not_Canceled
INN00423,2,0,2,2,Meal Plan 1,Room_Type 1,24,"Tuesday, May 29, 2018",Online,104.55,Not_Canceled
INN00424,1,0,2,2,Meal Plan 1,Room_Type 1,162,"Sunday, October 14, 2018",Online,115,Canceled
INN00425,3,0,1,1,Meal Plan 1,Room_Type 4,25,"Wednesday, February 7, 2018",Online,187,Canceled
INN00426,1,0,0,1,Meal Plan 1,Room_Type 1,1,"Sunday, April 8, 2018",Online,115,Not_Canceled
INN00427,2,0,0,4,Not Selected,Room_Type 1,236,"Thursday, September 27, 2018",Online,84.43,Canceled
INN00428,2,0,2,3,Meal Plan 1,Room_Type 1,120,"Saturday, August 4, 2018",Online,90.95,Canceled
INN00429,2,0,1,3,Meal Plan 2,Room_Type 4,12,"Saturday, March 24, 2018",Online,208,Not_Canceled
INN00430,2,0,2,4,Meal Plan 1,Room_Type 1,224,"Friday, March 9, 2018",Online,97.18,Canceled
INN00431,1,0,0,4,Meal Plan 2,Room_Type 1,33,"Saturday, October 21, 2017",Offline,79.11,Not_Canceled
INN00432,2,0,0,2,Meal Plan 1,Room_Type 1,24,"Sunday, May 13, 2018",Complementary,0,Not_Canceled
INN00433,2,0,0,1,Meal Plan 1,Room_Type 4,22,"Wednesday, August 9, 2017",Online,120,Not_Canceled
INN00434,2,0,0,3,Meal Plan 1,Room_Type 1,10,"Friday, October 20, 2017",Online,126,Not_Canceled
INN00435,2,0,0,2,Meal Plan 1,Room_Type 1,15,"Friday, February 16, 2018",Online,91,Canceled
INN00436,2,0,0,5,Meal Plan 2,Room_Type 1,230,"Saturday, June 9, 2018",Online,137,Canceled
INN00437,2,0,0,4,Meal Plan 1,Room_Type 1,54,"Friday, March 16, 2018",Offline,67.32,Not_Canceled
INN00438,2,0,0,1,Meal Plan 1,Room_Type 1,45,"Monday, October 23, 2017",Online,81.62,Not_Canceled
INN00439,3,0,1,3,Meal Plan 2,Room_Type 4,63,"Wednesday, October 24, 2018",Online,123.66,Not_Canceled
INN00440,2,0,2,1,Not Selected,Room_Type 1,166,"Friday, June 8, 2018",Online,94.5,Not_Canceled
INN00441,2,0,1,4,Meal Plan 1,Room_Type 1,148,"Wednesday, August 22, 2018",Online,96.3,Canceled
INN00442,2,0,2,1,Meal Plan 1,Room_Type 1,136,"Monday, August 13, 2018",Online,88.01,Not_Canceled
INN00443,2,0,1,3,Meal Plan 1,Room_Type 1,37,"Wednesday, October 3, 2018",Online,81.9,Not_Canceled
INN00444,2,0,0,4,Meal Plan 1,Room_Type 1,66,"Monday, November 5, 2018",Online,119.85,Not_Canceled
INN00445,1,0,0,1,Meal Plan 1,Room_Type 1,11,"Monday, October 23, 2017",Offline,83.5,Not_Canceled
INN00446,1,0,0,1,Meal Plan 1,Room_Type 1,1,"Thursday, January 4, 2018",Corporate,67,Not_Canceled
INN00447,2,0,2,2,Meal Plan 1,Room_Type 4,7,"Tuesday, June 19, 2018",Online,156,Not_Canceled
INN00448,2,0,0,1,Meal Plan 1,Room_Type 1,43,"Friday, October 13, 2017",Offline,85,Not_Canceled
INN00449,2,0,3,5,Meal Plan 1,Room_Type 4,5,"Wednesday, April 4, 2018",Online,126.75,Canceled
INN00450,2,0,1,1,Meal Plan 2,Room_Type 1,247,"Wednesday, June 6, 2018",Online,115,Canceled
INN00451,2,0,2,1,Not Selected,Room_Type 1,24,"Tuesday, October 16, 2018",Online,107.1,Canceled
INN00452,1,0,0,1,Meal Plan 1,Room_Type 1,53,"Sunday, October 14, 2018",Offline,120,Not_Canceled
INN00453,2,0,2,1,Meal Plan 1,Room_Type 1,52,"Monday, November 19, 2018",Online,93.6,Not_Canceled
INN00454,2,0,0,1,Meal Plan 1,Room_Type 1,56,"Monday, August 6, 2018",Offline,120,Not_Canceled
INN00455,1,0,0,1,Meal Plan 1,Room_Type 1,12,"Monday, August 6, 2018",Offline,90,Not_Canceled
INN00456,2,0,0,5,Meal Plan 1,Room_Type 1,230,"Saturday, June 9, 2018",Online,137,Canceled
INN00457,2,1,1,3,Meal Plan 1,Room_Type 1,92,"Wednesday, October 31, 2018",Online,106.43,Canceled
INN00458,1,0,0,3,Not Selected,Room_Type 1,2,"Thursday, May 31, 2018",Online,87.78,Not_Canceled
INN00459,2,0,0,2,Meal Plan 2,Room_Type 1,74,"Monday, September 18, 2017",Offline,101.5,Not_Canceled
INN00460,2,0,0,1,Not Selected,Room_Type 1,82,"Saturday, June 23, 2018",Online,85.5,Canceled
INN00461,1,0,0,3,Meal Plan 1,Room_Type 1,37,"Saturday, October 13, 2018",Offline,95,Not_Canceled
INN00462,2,0,2,2,Meal Plan 1,Room_Type 4,147,"Sunday, January 7, 2018",Online,103.7,Not_Canceled
INN00463,1,0,0,1,Meal Plan 1,Room_Type 1,2,"Saturday, August 26, 2017",Corporate,65,Not_Canceled
INN00464,2,0,2,6,Meal Plan 1,Room_Type 1,166,"Saturday, August 18, 2018",Online,100.12,Canceled
INN00465,2,0,1,3,Meal Plan 2,Room_Type 1,28,"Sunday, November 4, 2018",Online,156.25,Not_Canceled
INN00466,2,0,1,2,Meal Plan 2,Room_Type 1,309,"Sunday, May 13, 2018",Online,101,Canceled
INN00467,2,0,1,3,Meal Plan 2,Room_Type 1,54,"Saturday, April 7, 2018",Online,161.1,Not_Canceled
INN00468,2,0,1,3,Not Selected,Room_Type 1,49,"Sunday, August 12, 2018",Online,83.8,Not_Canceled
INN00469,2,1,0,1,Meal Plan 1,Room_Type 1,1,"Monday, June 18, 2018",Online,168,Not_Canceled
INN00470,2,0,2,1,Meal Plan 1,Room_Type 1,0,"Wednesday, December 27, 2017",Offline,58,Not_Canceled
INN00471,2,0,2,1,Meal Plan 2,Room_Type 1,4,"Tuesday, August 8, 2017",Offline,94.5,Not_Canceled
INN00472,2,0,0,4,Meal Plan 1,Room_Type 1,60,"Tuesday, September 12, 2017",Online,96.3,Not_Canceled
INN00473,2,0,0,1,Meal Plan 1,Room_Type 1,157,"Monday, August 14, 2017",Online,76.5,Not_Canceled
INN00474,2,0,2,3,Meal Plan 1,Room_Type 1,268,"Saturday, August 4, 2018",Offline,78,Not_Canceled
INN00475,2,0,1,1,Not Selected,Room_Type 1,38,"Wednesday, September 26, 2018",Online,112.59,Canceled
INN00476,2,2,2,1,Meal Plan 1,Room_Type 7,30,"Thursday, December 6, 2018",Online,187.04,Canceled
INN00477,2,0,0,1,Meal Plan 1,Room_Type 1,2,"Saturday, November 10, 2018",Online,169,Not_Canceled
INN00478,2,0,3,7,Not Selected,Room_Type 1,217,"Saturday, May 12, 2018",Online,46.63,Not_Canceled
INN00479,2,0,0,3,Meal Plan 1,Room_Type 1,143,"Saturday, August 25, 2018",Offline,100,Not_Canceled
INN00480,2,0,0,3,Not Selected,Room_Type 1,179,"Friday, October 19, 2018",Online,85.5,Not_Canceled
INN00481,1,0,0,2,Meal Plan 1,Room_Type 1,188,"Friday, June 15, 2018",Online,130,Canceled
INN00482,3,0,2,2,Meal Plan 1,Room_Type 4,94,"Tuesday, August 7, 2018",Online,146.7,Not_Canceled
INN00483,1,0,0,2,Meal Plan 1,Room_Type 1,32,"Monday, November 20, 2017",Offline,73,Not_Canceled
INN00484,3,0,2,2,Meal Plan 1,Room_Type 6,2,"Thursday, January 4, 2018",Online,143.22,Not_Canceled
INN00485,2,0,0,3,Meal Plan 1,Room_Type 1,70,"Sunday, October 22, 2017",Online,89.25,Not_Canceled
INN00486,2,0,1,0,Not Selected,Room_Type 1,4,"Wednesday, September 19, 2018",Offline,85,Not_Canceled
INN00487,2,0,2,0,Meal Plan 1,Room_Type 1,34,"Wednesday, February 28, 2018",Complementary,6.5,Not_Canceled
INN00488,2,2,0,1,Meal Plan 1,Room_Type 2,16,"Friday, August 3, 2018",Online,83.03,Canceled
INN00489,2,0,1,3,Meal Plan 1,Room_Type 1,24,"Friday, November 2, 2018",Online,91,Canceled
INN00490,2,0,2,2,Not Selected,Room_Type 1,78,"Thursday, October 4, 2018",Online,80.75,Not_Canceled
INN00491,2,0,1,2,Meal Plan 1,Room_Type 1,305,"Wednesday, April 11, 2018",Online,89,Canceled
INN00492,2,0,0,3,Meal Plan 1,Room_Type 1,37,"Saturday, October 13, 2018",Offline,105,Not_Canceled
INN00493,2,0,2,5,Meal Plan 1,Room_Type 1,98,"Monday, April 30, 2018",Online,109.81,Not_Canceled
INN00494,2,0,1,3,Meal Plan 1,Room_Type 4,14,"Saturday, May 12, 2018",Online,70.88,Not_Canceled
INN00495,1,0,0,2,Not Selected,Room_Type 1,44,"Friday, November 23, 2018",Online,83.6,Not_Canceled
INN00496,1,0,2,1,Meal Plan 1,Room_Type 1,1,"Wednesday, February 28, 2018",Online,60,Canceled
INN00497,2,0,0,3,Meal Plan 1,Room_Type 1,213,"Friday, July 6, 2018",Online,130,Canceled
INN00498,1,0,1,1,Meal Plan 1,Room_Type 1,5,"Wednesday, April 4, 2018",Online,95,Not_Canceled
INN00499,2,0,0,1,Meal Plan 2,Room_Type 1,55,"Monday, June 4, 2018",Offline,104,Not_Canceled
INN00500,2,0,0,3,Meal Plan 1,Room_Type 4,139,"Friday, November 2, 2018",Offline,62,Not_Canceled
INN00501,2,0,2,1,Meal Plan 1,Room_Type 2,44,"Monday, April 23, 2018",Offline,95,Not_Canceled
INN00502,1,0,2,1,Meal Plan 2,Room_Type 4,18,"Wednesday, February 28, 2018",Online,145,Not_Canceled
INN00503,1,0,1,0,Meal Plan 1,Room_Type 1,0,"Wednesday, October 17, 2018",Corporate,95,Not_Canceled
INN00504,1,0,0,2,Meal Plan 1,Room_Type 1,192,"Sunday, June 24, 2018",Offline,95,Not_Canceled
INN00505,2,0,2,4,Meal Plan 1,Room_Type 1,152,"Monday, June 18, 2018",Offline,80.75,Not_Canceled
INN00506,3,0,0,4,Meal Plan 1,Room_Type 4,42,"Thursday, August 30, 2018",Online,142.2,Not_Canceled
INN00507,3,0,2,3,Meal Plan 1,Room_Type 4,209,"Sunday, October 21, 2018",Online,128.7,Canceled
INN00508,2,0,2,3,Meal Plan 1,Room_Type 1,69,"Tuesday, March 20, 2018",Online,90.95,Not_Canceled
INN00509,2,0,1,2,Meal Plan 1,Room_Type 1,80,"Sunday, November 18, 2018",Online,93.6,Not_Canceled
INN00510,2,0,1,2,Meal Plan 1,Room_Type 4,49,"Monday, September 11, 2017",Offline,60,Not_Canceled
INN00511,1,0,0,3,Meal Plan 1,Room_Type 1,143,"Saturday, August 25, 2018",Offline,90,Not_Canceled
INN00512,2,0,2,1,Not Selected,Room_Type 1,67,"Friday, May 12, 2017",Online,95.4,Not_Canceled
INN00513,2,0,0,2,Meal Plan 1,Room_Type 1,41,"Sunday, October 21, 2018",Online,160,Canceled
INN00514,2,0,2,1,Meal Plan 1,Room_Type 4,154,"Tuesday, October 30, 2018",Online,104.1,Canceled
INN00515,2,0,0,1,Meal Plan 2,Room_Type 1,55,"Monday, June 4, 2018",Offline,104,Not_Canceled
INN00516,2,0,0,4,Meal Plan 1,Room_Type 1,2,"Thursday, March 8, 2018",Offline,109,Not_Canceled
INN00517,2,0,2,4,Meal Plan 1,Room_Type 4,99,"Thursday, October 4, 2018",Online,93.78,Canceled
INN00518,1,0,0,2,Meal Plan 1,Room_Type 1,14,"Saturday, October 14, 2017",Corporate,95,Not_Canceled
INN00519,1,0,0,1,Not Selected,Room_Type 1,0,"Monday, October 15, 2018",Online,140,Not_Canceled
INN00520,2,0,1,3,Meal Plan 1,Room_Type 1,22,"Sunday, December 24, 2017",Online,87,Not_Canceled
INN00521,1,0,2,1,Meal Plan 1,Room_Type 4,7,"Thursday, May 3, 2018",Online,85.85,Not_Canceled
INN00522,2,0,1,3,Meal Plan 1,Room_Type 4,84,"Saturday, March 24, 2018",Online,99.45,Not_Canceled
INN00523,2,0,0,4,Meal Plan 1,Room_Type 4,109,"Thursday, April 5, 2018",Online,120.28,Not_Canceled
INN00524,1,0,0,3,Meal Plan 1,Room_Type 1,71,"Thursday, June 14, 2018",Offline,120,Not_Canceled
INN00525,2,0,2,0,Meal Plan 1,Room_Type 1,4,"Sunday, March 4, 2018",Online,77.77,Not_Canceled
INN00526,1,0,0,3,Meal Plan 1,Room_Type 1,71,"Thursday, June 14, 2018",Offline,120,Not_Canceled
INN00527,2,0,0,1,Not Selected,Room_Type 1,58,"Saturday, October 6, 2018",Online,116.1,Not_Canceled
INN00528,3,0,0,1,Meal Plan 2,Room_Type 4,133,"Monday, July 23, 2018",Online,189,Canceled
INN00529,2,0,2,1,Meal Plan 1,Room_Type 4,27,"Tuesday, June 26, 2018",Online,152.67,Canceled
INN00530,2,0,2,3,Meal Plan 1,Room_Type 1,27,"Monday, April 2, 2018",Online,66.31,Not_Canceled
INN00531,1,0,0,1,Meal Plan 1,Room_Type 1,9,"Monday, October 9, 2017",Online,95,Not_Canceled
INN00532,2,1,0,3,Meal Plan 1,Room_Type 1,86,"Sunday, August 12, 2018",Online,122,Canceled
INN00533,2,0,0,3,Meal Plan 1,Room_Type 1,13,"Sunday, December 17, 2017",Offline,58,Not_Canceled
INN00534,2,0,1,3,Meal Plan 1,Room_Type 1,0,"Saturday, May 12, 2018",Online,89.89,Not_Canceled
INN00535,2,0,0,2,Meal Plan 1,Room_Type 4,5,"Thursday, June 21, 2018",Online,156,Not_Canceled
INN00536,2,0,1,3,Meal Plan 1,Room_Type 4,82,"Saturday, March 24, 2018",Online,99.45,Not_Canceled
INN00537,2,1,0,2,Meal Plan 1,Room_Type 6,330,"Friday, August 31, 2018",Online,172.8,Canceled
INN00538,2,0,1,3,Not Selected,Room_Type 1,3,"Wednesday, August 22, 2018",Online,98.56,Not_Canceled
INN00539,1,0,0,1,Meal Plan 1,Room_Type 1,35,"Wednesday, October 3, 2018",Online,71.1,Canceled
INN00540,1,0,6,15,Meal Plan 1,Room_Type 4,12,"Friday, March 30, 2018",Online,128.06,Canceled
INN00541,1,0,0,1,Meal Plan 1,Room_Type 1,0,"Monday, November 19, 2018",Complementary,0,Not_Canceled
INN00542,2,1,0,1,Meal Plan 1,Room_Type 1,7,"Wednesday, July 4, 2018",Online,106,Not_Canceled
INN00543,2,0,0,4,Meal Plan 1,Room_Type 4,47,"Thursday, September 27, 2018",Online,130.61,Canceled
INN00544,2,0,2,3,Not Selected,Room_Type 1,117,"Sunday, June 17, 2018",Online,105.74,Not_Canceled
INN00545,2,0,0,2,Meal Plan 1,Room_Type 4,2,"Saturday, October 6, 2018",Online,136,Not_Canceled
INN00546,2,0,0,1,Meal Plan 1,Room_Type 1,26,"Monday, August 6, 2018",Offline,120,Not_Canceled
INN00547,2,0,2,2,Not Selected,Room_Type 1,75,"Monday, February 12, 2018",Online,74.8,Not_Canceled
INN00548,2,0,0,2,Meal Plan 2,Room_Type 1,256,"Friday, June 15, 2018",Online,112,Canceled
INN00549,2,1,1,0,Meal Plan 1,Room_Type 1,137,"Tuesday, August 21, 2018",Online,121.5,Not_Canceled
INN00550,2,0,0,4,Meal Plan 1,Room_Type 1,92,"Monday, July 10, 2017",Offline,70,Not_Canceled
INN00551,1,0,0,1,Meal Plan 1,Room_Type 1,1,"Thursday, November 29, 2018",Offline,75,Not_Canceled
INN00552,2,0,0,1,Meal Plan 1,Room_Type 1,18,"Thursday, February 1, 2018",Offline,54,Not_Canceled
INN00553,2,0,1,2,Meal Plan 1,Room_Type 1,78,"Sunday, March 25, 2018",Online,100,Canceled
INN00554,1,0,0,1,Meal Plan 1,Room_Type 4,8,"Monday, April 23, 2018",Complementary,0,Not_Canceled
INN00555,1,2,4,9,Meal Plan 1,Room_Type 6,30,"Sunday, February 11, 2018",Online,186.22,Canceled
INN00556,2,0,2,0,Not Selected,Room_Type 1,117,"Tuesday, November 13, 2018",Online,79.2,Not_Canceled
INN00557,2,0,1,1,Meal Plan 1,Room_Type 1,10,"Monday, March 19, 2018",Online,103,Not_Canceled
INN00558,2,0,2,2,Meal Plan 1,Room_Type 1,56,"Monday, September 25, 2017",Offline,185,Not_Canceled
INN00559,2,0,0,2,Meal Plan 1,Room_Type 1,8,"Friday, October 20, 2017",Online,135,Not_Canceled
INN00560,2,0,2,0,Meal Plan 2,Room_Type 1,386,"Tuesday, October 23, 2018",Online,115,Canceled
INN00561,2,0,0,2,Meal Plan 2,Room_Type 1,273,"Monday, July 17, 2017",Online,109,Canceled
INN00562,2,0,0,1,Meal Plan 1,Room_Type 1,33,"Monday, November 26, 2018",Online,104,Canceled
INN00563,3,0,2,5,Meal Plan 1,Room_Type 4,184,"Thursday, March 8, 2018",Online,130.05,Not_Canceled
INN00564,2,0,1,3,Meal Plan 1,Room_Type 1,232,"Wednesday, May 9, 2018",Online,100.3,Canceled
INN00565,1,0,0,2,Meal Plan 1,Room_Type 1,188,"Friday, June 15, 2018",Online,130,Canceled
INN00566,2,0,0,2,Meal Plan 2,Room_Type 1,102,"Monday, October 16, 2017",Offline,109,Not_Canceled
INN00567,2,0,2,2,Meal Plan 1,Room_Type 4,45,"Tuesday, July 10, 2018",Online,139.5,Canceled
INN00568,1,0,0,1,Meal Plan 1,Room_Type 1,1,"Friday, March 2, 2018",Corporate,66,Not_Canceled
INN00569,2,0,2,2,Meal Plan 1,Room_Type 1,63,"Friday, March 9, 2018",Online,106.88,Not_Canceled
INN00570,2,0,2,2,Meal Plan 1,Room_Type 4,89,"Sunday, September 16, 2018",Online,149.4,Not_Canceled
INN00571,1,0,0,2,Meal Plan 1,Room_Type 1,63,"Thursday, April 26, 2018",Online,109.35,Not_Canceled
INN00572,2,0,0,3,Meal Plan 1,Room_Type 1,304,"Sunday, March 11, 2018",Online,89,Canceled
INN00573,1,0,2,1,Meal Plan 1,Room_Type 1,1,"Tuesday, September 4, 2018",Online,115,Not_Canceled
INN00574,1,0,0,1,Meal Plan 1,Room_Type 1,51,"Friday, March 16, 2018",Corporate,85.5,Not_Canceled
INN00575,2,0,0,2,Meal Plan 1,Room_Type 4,110,"Friday, April 20, 2018",Online,90.95,Not_Canceled
INN00576,2,0,2,1,Meal Plan 1,Room_Type 4,20,"Monday, July 30, 2018",Online,117.55,Not_Canceled
INN00577,2,0,0,1,Not Selected,Room_Type 1,50,"Friday, October 19, 2018",Online,108,Canceled
INN00578,2,0,0,3,Meal Plan 1,Room_Type 4,48,"Saturday, November 10, 2018",Online,139.5,Not_Canceled
INN00579,2,0,0,3,Meal Plan 1,Room_Type 5,96,"Thursday, September 13, 2018",Online,129.88,Canceled
INN00580,2,0,1,4,Meal Plan 1,Room_Type 1,148,"Saturday, December 30, 2017",Offline,67,Not_Canceled
INN00581,2,0,1,1,Not Selected,Room_Type 1,25,"Saturday, March 10, 2018",Online,129,Canceled
INN00582,2,0,2,5,Meal Plan 1,Room_Type 1,148,"Monday, June 25, 2018",Online,79.53,Canceled
INN00583,2,0,1,3,Meal Plan 1,Room_Type 1,114,"Wednesday, August 22, 2018",Offline,72.25,Not_Canceled
INN00584,1,0,0,2,Meal Plan 2,Room_Type 1,257,"Saturday, January 7, 2017",Offline,80,Not_Canceled
INN00585,2,0,2,5,Meal Plan 1,Room_Type 1,105,"Tuesday, November 6, 2018",Online,119.85,Not_Canceled
INN00586,1,0,1,2,Meal Plan 1,Room_Type 1,4,"Saturday, February 11, 2017",Online,117,Not_Canceled
INN00587,2,0,2,2,Meal Plan 2,Room_Type 4,67,"Friday, June 9, 2017",Complementary,29,Not_Canceled
INN00588,2,0,2,2,Meal Plan 1,Room_Type 1,61,"Friday, February 9, 2018",Online,118.8,Not_Canceled
INN00589,2,0,0,2,Meal Plan 1,Room_Type 1,79,"Sunday, December 30, 2018",Offline,192.03,Not_Canceled
INN00590,3,0,0,1,Meal Plan 1,Room_Type 1,74,"Monday, May 21, 2018",Online,168.3,Not_Canceled
INN00591,2,0,0,1,Not Selected,Room_Type 1,120,"Wednesday, December 5, 2018",Online,72.76,Not_Canceled
INN00592,2,0,0,3,Meal Plan 1,Room_Type 1,157,"Sunday, August 12, 2018",Offline,68,Not_Canceled
INN00593,2,0,0,4,Meal Plan 1,Room_Type 1,4,"Friday, June 1, 2018",Online,89,Not_Canceled
INN00594,2,0,2,5,Meal Plan 1,Room_Type 4,46,"Tuesday, August 28, 2018",Online,124.46,Not_Canceled
INN00595,1,0,2,1,Meal Plan 1,Room_Type 1,41,"Tuesday, March 13, 2018",Corporate,70.33,Not_Canceled
INN00596,3,0,1,4,Meal Plan 1,Room_Type 4,84,"Friday, June 15, 2018",Online,170.1,Not_Canceled
INN00597,2,0,0,2,Meal Plan 1,Room_Type 1,245,"Sunday, June 17, 2018",Online,75,Canceled
INN00598,2,0,0,3,Meal Plan 1,Room_Type 4,27,"Friday, June 29, 2018",Online,125.25,Not_Canceled
INN00599,2,0,3,7,Meal Plan 1,Room_Type 1,74,"Thursday, July 27, 2017",Online,55.9,Not_Canceled
INN00600,2,0,1,2,Meal Plan 1,Room_Type 1,85,"Wednesday, June 20, 2018",Online,126.9,Canceled
INN00601,2,0,0,2,Not Selected,Room_Type 1,6,"Monday, February 26, 2018",Online,79,Canceled
INN00602,2,0,2,3,Meal Plan 1,Room_Type 1,256,"Tuesday, October 23, 2018",Online,94.35,Canceled
INN00603,2,0,0,2,Meal Plan 2,Room_Type 1,265,"Sunday, June 24, 2018",Online,109,Canceled
INN00604,2,0,2,3,Meal Plan 1,Room_Type 4,64,"Sunday, April 15, 2018",Online,112.2,Not_Canceled
INN00605,1,0,0,1,Meal Plan 1,Room_Type 1,0,"Tuesday, January 10, 2017",Corporate,109,Not_Canceled
INN00606,1,0,0,2,Meal Plan 1,Room_Type 1,91,"Friday, September 14, 2018",Corporate,65,Not_Canceled
INN00607,2,0,1,3,Meal Plan 1,Room_Type 1,127,"Saturday, April 28, 2018",Offline,90,Not_Canceled
INN00608,2,0,0,3,Meal Plan 1,Room_Type 1,73,"Saturday, July 14, 2018",Offline,85,Not_Canceled
INN00609,2,0,0,4,Meal Plan 1,Room_Type 1,36,"Friday, December 28, 2018",Online,168.73,Not_Canceled
INN00610,2,0,1,3,Meal Plan 1,Room_Type 1,17,"Sunday, August 12, 2018",Online,100.38,Not_Canceled
INN00611,2,0,2,5,Meal Plan 1,Room_Type 1,164,"Friday, July 27, 2018",Online,99.45,Canceled
INN00612,2,0,0,1,Meal Plan 1,Room_Type 1,0,"Thursday, September 27, 2018",Corporate,160,Not_Canceled
INN00613,2,0,2,1,Meal Plan 1,Room_Type 1,37,"Saturday, February 10, 2018",Online,126,Not_Canceled
INN00614,3,0,1,2,Meal Plan 1,Room_Type 1,191,"Monday, January 8, 2018",Offline,96.9,Not_Canceled
INN00615,2,2,2,4,Meal Plan 1,Room_Type 2,33,"Tuesday, October 17, 2017",Online,95,Not_Canceled
INN00616,2,0,2,1,Meal Plan 1,Room_Type 1,32,"Tuesday, May 9, 2017",Online,94.5,Not_Canceled
INN00617,1,0,1,1,Meal Plan 1,Room_Type 1,3,"Sunday, July 9, 2017",Offline,98.8,Not_Canceled
INN00618,2,0,2,1,Not Selected,Room_Type 1,53,"Sunday, October 7, 2018",Online,100.5,Not_Canceled
INN00619,2,0,1,0,Meal Plan 2,Room_Type 7,8,"Tuesday, June 19, 2018",Complementary,0,Not_Canceled
INN00620,2,0,2,1,Meal Plan 1,Room_Type 1,107,"Tuesday, May 29, 2018",Online,80.75,Canceled
INN00621,2,0,0,1,Meal Plan 2,Room_Type 1,55,"Monday, June 4, 2018",Offline,104,Not_Canceled
INN00622,2,0,1,2,Meal Plan 1,Room_Type 1,84,"Sunday, April 29, 2018",Offline,89.75,Not_Canceled
INN00623,2,2,0,2,Meal Plan 1,Room_Type 6,0,"Friday, August 25, 2017",Online,156,Not_Canceled
INN00624,2,0,1,1,Meal Plan 1,Room_Type 4,1,"Tuesday, November 6, 2018",Online,136,Not_Canceled
INN00625,2,0,0,2,Meal Plan 1,Room_Type 1,29,"Monday, February 12, 2018",Corporate,85,Not_Canceled
INN00626,2,0,0,4,Meal Plan 1,Room_Type 4,41,"Saturday, October 14, 2017",Online,87.54,Not_Canceled
INN00627,2,0,0,2,Meal Plan 1,Room_Type 1,86,"Saturday, September 9, 2017",Corporate,100,Not_Canceled
INN00628,2,0,2,2,Meal Plan 1,Room_Type 1,167,"Wednesday, January 10, 2018",Online,108.9,Canceled
INN00629,2,0,0,3,Not Selected,Room_Type 1,34,"Thursday, June 14, 2018",Online,107.1,Not_Canceled
INN00630,2,0,1,2,Meal Plan 1,Room_Type 1,101,"Wednesday, April 4, 2018",Online,80,Canceled
INN00631,2,0,0,3,Meal Plan 1,Room_Type 1,259,"Saturday, May 5, 2018",Online,90,Canceled
INN00632,2,0,0,2,Meal Plan 1,Room_Type 1,122,"Wednesday, December 5, 2018",Online,105.3,Not_Canceled
INN00633,2,0,0,1,Not Selected,Room_Type 1,1,"Friday, November 2, 2018",Online,80,Not_Canceled
INN00634,2,0,0,2,Meal Plan 1,Room_Type 4,107,"Saturday, August 25, 2018",Online,142.2,Not_Canceled
INN00635,2,0,0,3,Meal Plan 1,Room_Type 4,35,"Friday, May 4, 2018",Online,131.4,Not_Canceled
INN00636,1,0,0,2,Meal Plan 1,Room_Type 1,192,"Sunday, June 24, 2018",Offline,95,Not_Canceled
INN00637,2,0,0,2,Meal Plan 1,Room_Type 1,4,"Thursday, January 4, 2018",Online,111,Canceled
INN00638,2,0,1,3,Meal Plan 1,Room_Type 1,85,"Sunday, June 10, 2018",Offline,85,Not_Canceled
INN00639,3,0,0,4,Meal Plan 1,Room_Type 4,137,"Friday, August 24, 2018",Online,130.95,Canceled
INN00640,2,0,0,2,Meal Plan 2,Room_Type 1,74,"Monday, September 18, 2017",Offline,101.5,Not_Canceled
INN00641,1,0,2,1,Meal Plan 1,Room_Type 1,116,"Wednesday, February 28, 2018",Offline,82,Not_Canceled
INN00642,2,0,2,2,Meal Plan 1,Room_Type 1,34,"Wednesday, September 13, 2017",Online,94.5,Not_Canceled
INN00643,2,0,2,1,Meal Plan 1,Room_Type 1,56,"Tuesday, August 28, 2018",Online,109.8,Canceled
INN00644,2,0,2,4,Meal Plan 1,Room_Type 1,149,"Sunday, October 7, 2018",Online,72.25,Canceled
INN00645,2,0,2,2,Not Selected,Room_Type 1,12,"Saturday, June 2, 2018",Online,55.72,Not_Canceled
INN00646,3,0,1,1,Meal Plan 1,Room_Type 4,52,"Wednesday, October 17, 2018",Online,158.4,Canceled
INN00647,2,0,1,4,Meal Plan 1,Room_Type 4,191,"Friday, March 30, 2018",Offline,69,Not_Canceled
INN00648,2,0,0,3,Meal Plan 1,Room_Type 1,37,"Saturday, October 13, 2018",Offline,105,Not_Canceled
INN00649,2,0,0,3,Meal Plan 1,Room_Type 4,57,"Saturday, December 29, 2018",Online,219.6,Canceled
INN00650,1,0,2,3,Meal Plan 1,Room_Type 1,9,"Wednesday, August 1, 2018",Offline,44.8,Not_Canceled
INN00651,2,0,0,1,Not Selected,Room_Type 1,7,"Friday, October 26, 2018",Online,120,Not_Canceled
INN00652,2,0,1,2,Meal Plan 1,Room_Type 1,78,"Sunday, March 25, 2018",Online,100,Canceled
INN00653,2,0,0,1,Not Selected,Room_Type 1,0,"Friday, July 6, 2018",Online,109,Not_Canceled
INN00654,0,2,1,2,Meal Plan 1,Room_Type 2,78,"Sunday, August 19, 2018",Online,115.68,Not_Canceled
INN00655,2,0,1,2,Meal Plan 1,Room_Type 1,31,"Sunday, September 16, 2018",Offline,75,Not_Canceled
INN00656,2,0,0,2,Meal Plan 2,Room_Type 5,37,"Sunday, June 17, 2018",Offline,134.1,Not_Canceled
INN00657,2,0,2,1,Meal Plan 1,Room_Type 4,8,"Tuesday, May 29, 2018",Online,124.1,Not_Canceled
INN00658,4,0,0,2,Meal Plan 1,Room_Type 7,32,"Friday, August 17, 2018",Online,214.75,Not_Canceled
INN00659,2,0,1,2,Meal Plan 1,Room_Type 1,48,"Wednesday, October 31, 2018",Offline,75,Not_Canceled
INN00660,2,0,1,2,Meal Plan 1,Room_Type 1,89,"Thursday, November 23, 2017",Online,72.25,Not_Canceled
INN00661,1,0,1,0,Meal Plan 1,Room_Type 1,0,"Tuesday, July 3, 2018",Corporate,80,Not_Canceled
INN00662,2,0,0,1,Meal Plan 1,Room_Type 1,15,"Thursday, September 20, 2018",Online,139,Not_Canceled
INN00663,1,0,0,1,Meal Plan 1,Room_Type 1,10,"Sunday, January 28, 2018",Corporate,66,Not_Canceled
INN00664,1,0,0,3,Meal Plan 1,Room_Type 1,43,"Thursday, May 31, 2018",Online,115.5,Not_Canceled
INN00665,2,1,1,1,Meal Plan 1,Room_Type 1,27,"Wednesday, August 8, 2018",Online,195.5,Not_Canceled
INN00666,2,0,2,0,Meal Plan 2,Room_Type 1,386,"Tuesday, October 23, 2018",Online,115,Canceled
INN00667,1,0,0,1,Meal Plan 2,Room_Type 1,72,"Monday, September 18, 2017",Offline,84,Not_Canceled
INN00668,2,0,2,1,Not Selected,Room_Type 1,10,"Tuesday, October 16, 2018",Online,107.8,Not_Canceled
INN00669,2,0,0,3,Meal Plan 1,Room_Type 1,37,"Saturday, October 13, 2018",Offline,105,Not_Canceled
INN00670,2,0,2,3,Meal Plan 1,Room_Type 1,170,"Saturday, August 4, 2018",Offline,78,Not_Canceled
INN00671,1,0,0,2,Meal Plan 2,Room_Type 1,265,"Sunday, June 24, 2018",Offline,90,Not_Canceled
INN00672,2,0,1,1,Not Selected,Room_Type 1,49,"Friday, September 7, 2018",Online,105.3,Canceled
INN00673,2,0,0,3,Meal Plan 1,Room_Type 1,51,"Sunday, February 25, 2018",Online,80.3,Not_Canceled
INN00674,1,0,1,0,Meal Plan 2,Room_Type 1,3,"Thursday, August 2, 2018",Online,129,Not_Canceled
INN00675,2,0,0,2,Meal Plan 2,Room_Type 1,265,"Sunday, June 24, 2018",Online,115,Canceled
INN00676,2,0,2,0,Not Selected,Room_Type 1,34,"Friday, November 9, 2018",Online,125.1,Not_Canceled
INN00677,2,0,0,1,Meal Plan 1,Room_Type 1,1,"Tuesday, February 27, 2018",Online,103,Not_Canceled
INN00678,2,0,2,0,Not Selected,Room_Type 1,77,"Friday, January 5, 2018",Online,125.1,Not_Canceled
INN00679,1,0,2,5,Not Selected,Room_Type 1,60,"Sunday, June 17, 2018",Online,96.17,Canceled
INN00680,2,0,2,2,Meal Plan 1,Room_Type 1,56,"Monday, September 25, 2017",Offline,185,Not_Canceled
INN00681,2,0,2,0,Not Selected,Room_Type 1,0,"Thursday, December 6, 2018",Online,69.74,Not_Canceled
INN00682,2,2,2,3,Meal Plan 1,Room_Type 6,136,"Friday, September 7, 2018",Online,172.55,Canceled
INN00683,1,0,0,3,Meal Plan 1,Room_Type 1,4,"Sunday, January 28, 2018",Online,95,Not_Canceled
INN00684,2,1,1,2,Meal Plan 2,Room_Type 1,68,"Sunday, September 9, 2018",Online,166.35,Not_Canceled
INN00685,2,0,0,1,Not Selected,Room_Type 1,1,"Sunday, November 18, 2018",Online,108,Not_Canceled
INN00686,2,0,1,3,Meal Plan 1,Room_Type 4,61,"Wednesday, March 21, 2018",Online,102,Not_Canceled
INN00687,2,0,1,2,Meal Plan 1,Room_Type 7,40,"Sunday, May 13, 2018",Online,203.73,Not_Canceled
INN00688,2,0,2,5,Not Selected,Room_Type 1,6,"Saturday, November 17, 2018",Online,78.69,Canceled
INN00689,2,0,0,3,Not Selected,Room_Type 1,58,"Sunday, March 11, 2018",Online,79.2,Canceled
INN00690,1,0,0,2,Meal Plan 1,Room_Type 1,35,"Friday, March 16, 2018",Online,76.5,Not_Canceled
INN00691,2,0,0,2,Meal Plan 1,Room_Type 1,177,"Tuesday, March 6, 2018",Online,100,Canceled
INN00692,2,0,0,4,Meal Plan 1,Room_Type 1,13,"Friday, December 14, 2018",Online,88.4,Not_Canceled
INN00693,1,0,2,4,Meal Plan 1,Room_Type 1,245,"Thursday, June 7, 2018",Online,110,Canceled
INN00694,2,0,1,2,Meal Plan 1,Room_Type 4,189,"Sunday, October 28, 2018",Online,109.8,Canceled
INN00695,2,0,2,1,Meal Plan 1,Room_Type 1,271,"Monday, March 12, 2018",Offline,78.3,Not_Canceled
INN00696,2,0,0,2,Meal Plan 2,Room_Type 1,257,"Saturday, January 7, 2017",Online,101.5,Canceled
INN00697,2,0,2,4,Not Selected,Room_Type 1,207,"Saturday, July 28, 2018",Online,80.75,Not_Canceled
INN00698,2,0,2,2,Meal Plan 1,Room_Type 1,108,"Tuesday, December 25, 2018",Online,104,Not_Canceled
INN00699,2,0,0,3,Not Selected,Room_Type 1,39,"Thursday, March 15, 2018",Online,51.19,Not_Canceled
INN00700,2,1,0,1,Meal Plan 1,Room_Type 1,11,"Friday, May 11, 2018",Online,150,Canceled
